BillNo,Itemname,Quantity,Date,Price,CustomerID,Country
536387,CHILLI LIGHTS,192,12/1/2010 9:58,3.82,16029,United Kingdom
536387,LIGHT GARLAND BUTTERFILES PINK,192,12/1/2010 9:58,3.37,16029,United Kingdom
536387,WOODEN OWLS LIGHT GARLAND,192,12/1/2010 9:58,3.37,16029,United Kingdom
536477,BLACK RECORD COVER FRAME,480,12/1/2010 12:27,3.39,16210,United Kingdom
536581,JUMBO BAG RED RETROSPOT,200,12/1/2010 16:19,1.65,13777,United Kingdom
536584,RED WOOLLY HOTTIE WHITE HEART.,384,12/1/2010 16:22,2.95,13777,United Kingdom
536784,ROTATING SILVER ANGELS T-LIGHT HLDR,240,12/2/2010 15:20,1.88,15061,United Kingdom
536969,COLOUR GLASS. STAR T-LIGHT HOLDER,192,12/3/2010 13:10,2.75,16013,United Kingdom
537235,LUNCH BOX I LOVE LONDON,324,12/6/2010 9:45,1.65,17381,United Kingdom
537256,BLACK RECORD COVER FRAME,480,12/6/2010 11:06,3.39,16210,United Kingdom
537456,HEART OF WICKER SMALL,402,12/7/2010 9:43,1.93,17450,United Kingdom
537456,HEART OF WICKER LARGE,378,12/7/2010 9:43,3.21,17450,United Kingdom
537476,JUMBO BAG RED RETROSPOT,300,12/7/2010 11:26,1.65,15838,United Kingdom
537509,HAND WARMER BIRD DESIGN,192,12/7/2010 11:41,1.85,13756,United Kingdom
537657,WOOD BLACK BOARD ANT WHITE FINISH,408,12/7/2010 16:42,4.78,18102,United Kingdom
537657,CREAM HEART CARD HOLDER,972,12/7/2010 16:42,2.31,18102,United Kingdom
537657,BLACK HEART CARD HOLDER,972,12/7/2010 16:42,2.31,18102,United Kingdom
537657,VINTAGE UNION JACK MEMOBOARD,408,12/7/2010 16:42,6.38,18102,United Kingdom
537659,MEMO BOARD RETROSPOT  DESIGN,208,12/7/2010 16:43,3.86,18102,United Kingdom
537659,CREAM HEART CARD HOLDER,1008,12/7/2010 16:43,2.31,18102,United Kingdom
537659,BLACK HEART CARD HOLDER,1008,12/7/2010 16:43,2.31,18102,United Kingdom
537659,VINTAGE UNION JACK MEMOBOARD,600,12/7/2010 16:43,6.38,18102,United Kingdom
537659,WOOD BLACK BOARD ANT WHITE FINISH,600,12/7/2010 16:43,4.78,18102,United Kingdom
537793,JUMBO BAG SCANDINAVIAN PAISLEY,200,12/8/2010 12:57,1.65,15032,United Kingdom
537793,JUMBO  BAG BAROQUE BLACK WHITE,200,12/8/2010 12:57,1.65,15032,United Kingdom
537793,JUMBO BAG PINK POLKADOT,200,12/8/2010 12:57,1.65,15032,United Kingdom
537793,JUMBO BAG OWLS,200,12/8/2010 12:57,1.65,15032,United Kingdom
537833,AFGHAN SLIPPER SOCK PAIR,200,12/8/2010 14:53,2.95,13270,United Kingdom
537899,ROUND SNACK BOXES SET OF 4 FRUITS,1488,12/9/2010 10:44,2.55,12755,Japan
538191,ROTATING SILVER ANGELS T-LIGHT HLDR,240,12/10/2010 10:49,1.88,15061,United Kingdom
538191,REGENCY CAKESTAND 3 TIER,272,12/10/2010 10:49,10.95,15061,United Kingdom
538848,SET OF 3 BABUSHKA STACKING TINS,240,12/14/2010 13:28,4.95,17404,Sweden
538998,ROTATING SILVER ANGELS T-LIGHT HLDR,480,12/15/2010 12:08,1.88,15061,United Kingdom
539101,CHILLI LIGHTS,200,12/16/2010 10:35,3.82,16029,United Kingdom
539101,LIGHT GARLAND BUTTERFILES PINK,200,12/16/2010 10:35,3.37,16029,United Kingdom
539101,WOODEN OWLS LIGHT GARLAND,200,12/16/2010 10:35,3.37,16029,United Kingdom
539109,WHITE HANGING HEART T-LIGHT HOLDER,500,12/16/2010 11:07,2.55,16013,United Kingdom
539257,BLACK RECORD COVER FRAME,480,12/16/2010 14:29,3.39,16210,United Kingdom
539731,ROUND SNACK BOXES SET OF4 WOODLAND,192,12/21/2010 15:05,2.55,14646,Netherlands
540160,RED 3 PIECE RETROSPOT CUTLERY SET,216,1/5/2011 11:50,3.39,15769,United Kingdom
540160,GREEN 3 PIECE POLKADOT CUTLERY SET,216,1/5/2011 11:50,3.39,15769,United Kingdom
540160,RECYCLING BAG RETROSPOT,600,1/5/2011 11:50,1.85,15769,United Kingdom
540166,JUMBO BAG RED RETROSPOT,200,1/5/2011 12:09,1.65,13629,United Kingdom
540175,CHILLI LIGHTS,480,1/5/2011 12:37,3.98,16532,United Kingdom
540267,SET OF 3 CAKE TINS PANTRY DESIGN,240,1/6/2011 11:12,4.25,12415,Australia
540408,WHITE HANGING HEART T-LIGHT HOLDER,250,1/7/2011 9:55,2.55,16013,United Kingdom
540478,JUMBO BAG TOYS,200,1/7/2011 14:53,1.65,15769,United Kingdom
540478,JUMBO BAG OWLS,300,1/7/2011 14:53,1.65,15769,United Kingdom
540478,JUMBO BAG STRAWBERRY,300,1/7/2011 14:53,1.65,15769,United Kingdom
540478,JUMBO BAG SPACEBOY DESIGN,200,1/7/2011 14:53,1.65,15769,United Kingdom
540478,JUMBO BAG PINK POLKADOT,200,1/7/2011 14:53,1.65,15769,United Kingdom
540478,JUMBO BAG RED RETROSPOT,400,1/7/2011 14:53,1.65,15769,United Kingdom
540507,FELTCRAFT CUSHION RABBIT,192,1/9/2011 11:20,3.39,12939,United Kingdom
540689,RED HANGING HEART T-LIGHT HOLDER,860,1/11/2011 8:43,3.24,17450,United Kingdom
540689,WHITE HANGING HEART T-LIGHT HOLDER,1010,1/11/2011 8:43,3.24,17450,United Kingdom
540689,HEART OF WICKER SMALL,1356,1/11/2011 8:43,1.93,17450,United Kingdom
540689,HEART OF WICKER LARGE,1284,1/11/2011 8:43,3.21,17450,United Kingdom
540698,VINTAGE UNION JACK BUNTING,186,1/11/2011 9:24,8.87,17450,United Kingdom
540785,PINK 3 PIECE POLKADOT CUTLERY SET,360,1/11/2011 11:39,3.39,12557,Spain
540785,BLUE 3 PIECE POLKADOT CUTLERY SET,360,1/11/2011 11:39,3.39,12557,Spain
540815,WHITE HANGING HEART T-LIGHT HOLDER,1930,1/11/2011 12:55,2.55,15749,United Kingdom
540815,GIN + TONIC DIET METAL SIGN,2000,1/11/2011 12:55,1.85,15749,United Kingdom
540815,FAIRY CAKE FLANNEL ASSORTED COLOUR,3114,1/11/2011 12:55,2.1,15749,United Kingdom
540818,TEA TIME TEA TOWELS,1300,1/11/2011 12:57,2.55,15749,United Kingdom
540818,DOORMAT FAIRY CAKE,670,1/11/2011 12:57,6.75,15749,United Kingdom
541105,JUMBO BAG STRAWBERRY,200,1/13/2011 14:34,1.65,16029,United Kingdom
541105,JUMBO BAG PINK POLKADOT,200,1/13/2011 14:34,1.65,16029,United Kingdom
541287,SET 2 TEA TOWELS I LOVE LONDON,200,1/17/2011 13:09,2.55,14101,United Kingdom
541570,WHITE HANGING HEART T-LIGHT HOLDER,256,1/19/2011 12:34,2.55,14646,Netherlands
541570,3 HOOK HANGER MAGIC GARDEN,192,1/19/2011 12:34,1.65,14646,Netherlands
541570,JUMBO BAG RED RETROSPOT,200,1/19/2011 12:34,1.65,14646,Netherlands
541570,ROUND SNACK BOXES SET OF 4 FRUITS,192,1/19/2011 12:34,2.55,14646,Netherlands
541570,DOLLY GIRL LUNCH BOX,384,1/19/2011 12:34,1.65,14646,Netherlands
541570,SPACEBOY LUNCH BOX,384,1/19/2011 12:34,1.65,14646,Netherlands
543047,BLACK RECORD COVER FRAME,480,2/3/2011 9:42,3.39,16210,United Kingdom
543099,LUNCH BOX I LOVE LONDON,320,2/3/2011 12:00,1.65,16684,United Kingdom
543099,SPACEBOY LUNCH BOX,320,2/3/2011 12:00,1.65,16684,United Kingdom
543192,PLASTERS IN TIN STRONGMAN,192,2/4/2011 11:55,1.65,17381,United Kingdom
543248,LADIES & GENTLEMEN METAL SIGN,192,2/4/2011 14:25,1.69,16029,United Kingdom
543378,CREAM HEART CARD HOLDER,504,2/7/2011 15:34,2.31,18102,United Kingdom
543378,VINTAGE UNION JACK MEMOBOARD,504,2/7/2011 15:34,6.38,18102,United Kingdom
543379,WOOD BLACK BOARD ANT WHITE FINISH,204,2/7/2011 15:37,4.77,18102,United Kingdom
543379,MEMO BOARD RETROSPOT  DESIGN,208,2/7/2011 15:37,3.86,18102,United Kingdom
543379,CREAM HEART CARD HOLDER,504,2/7/2011 15:37,2.31,18102,United Kingdom
543379,VINTAGE UNION JACK MEMOBOARD,504,2/7/2011 15:37,6.38,18102,United Kingdom
543588,HOLIDAY FUN LUDO,216,2/10/2011 11:40,3.39,17381,United Kingdom
543829,FELTCRAFT CUSHION RABBIT,192,2/14/2011 9:47,3.39,12939,United Kingdom
543829,FELTCRAFT CUSHION BUTTERFLY,192,2/14/2011 9:47,3.39,12939,United Kingdom
543831,JUMBO BAG TOYS,300,2/14/2011 9:57,1.65,15769,United Kingdom
543831,JUMBO BAG STRAWBERRY,200,2/14/2011 9:57,1.65,15769,United Kingdom
543831,JUMBO BAG PINK POLKADOT,300,2/14/2011 9:57,1.65,15769,United Kingdom
543831,JUMBO BAG RED RETROSPOT,400,2/14/2011 9:57,1.65,15769,United Kingdom
543831,JUMBO BAG SCANDINAVIAN PAISLEY,200,2/14/2011 9:57,1.65,15769,United Kingdom
543831,JUMBO  BAG BAROQUE BLACK WHITE,200,2/14/2011 9:57,1.65,15769,United Kingdom
543989,SET 2 PANTRY DESIGN TEA TOWELS,200,2/15/2011 9:52,2.75,12415,Australia
543989,DOLLY GIRL LUNCH BOX,256,2/15/2011 9:52,1.65,12415,Australia
543989,SPACEBOY LUNCH BOX,192,2/15/2011 9:52,1.65,12415,Australia
543994,SET OF 4 NAPKIN CHARMS CUTLERY,256,2/15/2011 10:41,2.1,12931,United Kingdom
543994,FELTCRAFT 6 FLOWER FRIENDS,280,2/15/2011 10:41,1.85,12931,United Kingdom
544183,CERAMIC STRAWBERRY MONEY BOX,180,2/16/2011 15:43,2.25,17857,United Kingdom
544183,EASTER CRAFT 4 CHICKS,200,2/16/2011 15:43,1.65,17857,United Kingdom
544351,JUMBO BAG RED RETROSPOT,200,2/18/2011 10:11,1.65,16182,United Kingdom
544478,LARGE RED RETROSPOT WINDMILL,216,2/21/2011 10:11,1.85,16333,United Kingdom
544479,FOOD CONTAINER SET 3 LOVE HEART,216,2/21/2011 10:28,1.65,14646,Netherlands
544479,ROUND SNACK BOXES SET OF4 WOODLAND,192,2/21/2011 10:28,2.55,14646,Netherlands
544479,SET/2 RED RETROSPOT TEA TOWELS,200,2/21/2011 10:28,2.75,14646,Netherlands
544479,DOLLY GIRL LUNCH BOX,384,2/21/2011 10:28,1.65,14646,Netherlands
544480,BUTTON BOX,200,2/21/2011 10:32,1.65,14646,Netherlands
544936,ASSORTED COLOUR MINI CASES,204,2/25/2011 9:37,6.35,15769,United Kingdom
545466,VINTAGE UNION JACK BUNTING,200,3/3/2011 9:26,6.98,18102,United Kingdom
545475,DOLLY GIRL LUNCH BOX,256,3/3/2011 10:59,1.65,12415,Australia
545475,SPACEBOY LUNCH BOX,320,3/3/2011 10:59,1.65,12415,Australia
545582,RED RETROSPOT PEG BAG,250,3/4/2011 9:05,2.1,13694,United Kingdom
545865,JUMBO BAG STRAWBERRY,200,3/7/2011 14:17,1.65,15769,United Kingdom
545865,JUMBO BAG SPACEBOY DESIGN,300,3/7/2011 14:17,1.65,15769,United Kingdom
545865,JUMBO BAG PINK VINTAGE PAISLEY,200,3/7/2011 14:17,1.65,15769,United Kingdom
545865,JUMBO BAG RED RETROSPOT,400,3/7/2011 14:17,1.65,15769,United Kingdom
545865,JUMBO  BAG BAROQUE BLACK WHITE,200,3/7/2011 14:17,1.65,15769,United Kingdom
546067,HEART OF WICKER SMALL,600,3/9/2011 10:58,1.93,17450,United Kingdom
546112,JUMBO BAG OWLS,200,3/9/2011 12:44,1.65,15769,United Kingdom
546169,SWISS ROLL TOWEL PINK  SPOTS,200,3/10/2011 10:27,2.55,14603,United Kingdom
546411,JUMBO BAG WOODLAND ANIMALS,300,3/11/2011 16:43,1.95,12939,United Kingdom
546789,JUMBO BAG TOYS,600,3/17/2011 10:17,1.65,15769,United Kingdom
546789,JUMBO BAG OWLS,700,3/17/2011 10:17,1.65,15769,United Kingdom
546789,JUMBO BAG STRAWBERRY,900,3/17/2011 10:17,1.65,15769,United Kingdom
546789,JUMBO BAG SPACEBOY DESIGN,500,3/17/2011 10:17,1.65,15769,United Kingdom
546789,JUMBO BAG PINK VINTAGE PAISLEY,400,3/17/2011 10:17,1.65,15769,United Kingdom
546789,JUMBO BAG PINK POLKADOT,800,3/17/2011 10:17,1.65,15769,United Kingdom
546789,JUMBO BAG RED RETROSPOT,1200,3/17/2011 10:17,1.65,15769,United Kingdom
546789,JUMBO BAG SCANDINAVIAN BLUE PAISLEY,500,3/17/2011 10:17,1.65,15769,United Kingdom
546789,JUMBO  BAG BAROQUE BLACK WHITE,500,3/17/2011 10:17,1.65,15769,United Kingdom
546992,LUNCH BOX I LOVE LONDON,320,3/18/2011 13:18,1.65,16684,United Kingdom
547518,JUMBO BAG RED RETROSPOT,200,3/23/2011 14:39,1.65,13694,United Kingdom
547518,JUMBO  BAG BAROQUE BLACK WHITE,200,3/23/2011 14:39,1.65,13694,United Kingdom
547562,JUMBO BAG RED RETROSPOT,200,3/24/2011 8:47,1.65,16525,United Kingdom
547706,SET 2 TEA TOWELS I LOVE LONDON,600,3/24/2011 18:25,2.32,12901,United Kingdom
547706,LUNCH BOX I LOVE LONDON,400,3/24/2011 18:25,1.65,12901,United Kingdom
547707,LUNCH BOX I LOVE LONDON,300,3/24/2011 18:28,1.95,18008,United Kingdom
547708,CAST IRON HOOK GARDEN FORK,324,3/24/2011 18:34,2.69,17450,United Kingdom
547708,POTTING SHED CANDLE CITRONELLA,342,3/24/2011 18:34,3.21,17450,United Kingdom
547708,POTTING SHED ROSE CANDLE,378,3/24/2011 18:34,3.21,17450,United Kingdom
547708,POTTING SHED TWINE,432,3/24/2011 18:34,2.4,17450,United Kingdom
547708,LAUNDRY 15C METAL SIGN,288,3/24/2011 18:34,1.7,17450,United Kingdom
547708,WASHROOM METAL SIGN,288,3/24/2011 18:34,1.7,17450,United Kingdom
547708,VICTORIAN SEWING BOX SMALL,192,3/24/2011 18:34,6,17450,United Kingdom
547708,CAST IRON HOOK GARDEN TROWEL,252,3/24/2011 18:34,2.69,17450,United Kingdom
547727,LADIES & GENTLEMEN METAL SIGN,192,3/25/2011 10:50,1.69,16029,United Kingdom
547727,PLEASE ONE PERSON METAL SIGN,192,3/25/2011 10:50,1.65,16029,United Kingdom
547812,WOOD BLACK BOARD ANT WHITE FINISH,300,3/25/2011 14:06,4.77,18102,United Kingdom
547812,MEMO BOARD RETROSPOT  DESIGN,304,3/25/2011 14:06,3.85,18102,United Kingdom
547812,CREAM HEART CARD HOLDER,432,3/25/2011 14:06,2.31,18102,United Kingdom
547812,VINTAGE UNION JACK MEMOBOARD,300,3/25/2011 14:06,6.38,18102,United Kingdom
547832,JUMBO STORAGE BAG SUKI,200,3/25/2011 16:25,1.65,17511,United Kingdom
547832,JUMBO BAG SCANDINAVIAN BLUE PAISLEY,200,3/25/2011 16:25,1.65,17511,United Kingdom
547832,JUMBO BAG PINK VINTAGE PAISLEY,200,3/25/2011 16:25,1.65,17511,United Kingdom
547832,JUMBO BAG PINK POLKADOT,200,3/25/2011 16:25,1.65,17511,United Kingdom
547832,JUMBO BAG RED RETROSPOT,300,3/25/2011 16:25,1.65,17511,United Kingdom
547832,JUMBO SHOPPER VINTAGE RED PAISLEY,200,3/25/2011 16:25,1.65,17511,United Kingdom
547832,JUMBO BAG STRAWBERRY,200,3/25/2011 16:25,1.65,17511,United Kingdom
548011,STRAWBERRY LUNCH BOX WITH CUTLERY,180,3/29/2011 11:14,2.1,14646,Netherlands
548011,SPACEBOY LUNCH BOX,640,3/29/2011 11:14,1.65,14646,Netherlands
548011,DOLLY GIRL LUNCH BOX,640,3/29/2011 11:14,1.65,14646,Netherlands
548011,JUMBO BAG DOLLY GIRL DESIGN,200,3/29/2011 11:14,1.65,14646,Netherlands
548011,JUMBO BAG WOODLAND ANIMALS,200,3/29/2011 11:14,1.65,14646,Netherlands
548257,JUMBO BAG RED RETROSPOT,200,3/30/2011 10:54,1.65,13802,United Kingdom
548496,JUMBO BAG STRAWBERRY,200,3/31/2011 13:40,1.79,12678,France
548496,JUMBO BAG PINK POLKADOT,200,3/31/2011 13:40,1.79,12678,France
548629,LARGE RED RETROSPOT WINDMILL,192,4/1/2011 12:21,1.85,16333,United Kingdom
548630,LARGE RED RETROSPOT WINDMILL,192,4/1/2011 12:22,1.85,16333,United Kingdom
548641,LARGE RED RETROSPOT WINDMILL,312,4/1/2011 12:56,1.85,16333,United Kingdom
548970,JUMBO BAG RED RETROSPOT,200,4/5/2011 11:03,1.65,14646,Netherlands
549027,ALARM CLOCK BAKELIKE RED,500,4/5/2011 17:02,3.39,17857,United Kingdom
549027,ALARM CLOCK BAKELIKE PINK,500,4/5/2011 17:02,3.39,17857,United Kingdom
549027,ALARM CLOCK BAKELIKE ORANGE,300,4/5/2011 17:02,3.39,17857,United Kingdom
549027,ALARM CLOCK BAKELIKE GREEN,300,4/5/2011 17:02,3.39,17857,United Kingdom
549591,PAPER CHAIN KIT EMPIRE,330,4/11/2011 10:10,2.55,18080,United Kingdom
549835,PACK 3 BOXES BIRD PANNETONE,192,4/12/2011 13:24,1.65,17511,United Kingdom
549927,LONDON BUS COFFEE MUG,252,4/13/2011 10:19,2.1,16684,United Kingdom
550122,SET OF 4 NAPKIN CHARMS CUTLERY,192,4/14/2011 12:39,2.1,12931,United Kingdom
550122,FELTCRAFT 6 FLOWER FRIENDS,240,4/14/2011 12:39,1.85,12931,United Kingdom
550135,CHILDRENS CUTLERY RETROSPOT RED,288,4/14/2011 13:52,3.39,15769,United Kingdom
550308,JUMBO BAG RED RETROSPOT,200,4/17/2011 10:57,1.79,17029,United Kingdom
550461,WHITE HANGING HEART T-LIGHT HOLDER,1930,4/18/2011 13:20,2.4,15749,United Kingdom
550461,TEA TIME TEA TOWELS,1300,4/18/2011 13:20,2.1,15749,United Kingdom
550461,DOORMAT FAIRY CAKE,670,4/18/2011 13:20,6.35,15749,United Kingdom
550461,GIN + TONIC DIET METAL SIGN,2000,4/18/2011 13:20,1.69,15749,United Kingdom
550461,FAIRY CAKE FLANNEL ASSORTED COLOUR,3114,4/18/2011 13:20,2.1,15749,United Kingdom
550608,LONDON BUS COFFEE MUG,462,4/19/2011 12:19,2.1,12901,United Kingdom
551133,CAMOUFLAGE DESIGN TEDDY,192,4/26/2011 13:00,2.1,16656,United Kingdom
551166,CERAMIC STRAWBERRY MONEY BOX,408,4/26/2011 16:01,2.25,17857,United Kingdom
551189,JUMBO  BAG BAROQUE BLACK WHITE,200,4/27/2011 10:04,1.74,16029,United Kingdom
551191,PAPER CHAIN KIT EMPIRE,320,4/27/2011 10:52,2.55,16698,United Kingdom
551563,BLACK RECORD COVER FRAME,240,5/3/2011 10:55,3.39,16210,United Kingdom
551617,WHITE HANGING HEART T-LIGHT HOLDER,192,5/3/2011 11:41,2.55,16013,United Kingdom
551698,JUMBO BAG APPLES,200,5/3/2011 13:52,1.79,13694,United Kingdom
551698,JUMBO BAG ALPHABET,200,5/3/2011 13:52,1.79,13694,United Kingdom
551981,WHITE HANGING HEART T-LIGHT HOLDER,192,5/5/2011 13:53,2.55,13694,United Kingdom
552181,LUNCH BOX I LOVE LONDON,320,5/6/2011 13:36,1.65,17381,United Kingdom
552523,JUMBO BAG PEARS,200,5/9/2011 16:38,1.65,15797,United Kingdom
552566,JUMBO BAG ALPHABET,200,5/10/2011 11:56,1.79,13694,United Kingdom
552566,JUMBO BAG APPLES,200,5/10/2011 11:56,1.79,13694,United Kingdom
552572,JUMBO BAG RED RETROSPOT,200,5/10/2011 12:11,1.79,14680,United Kingdom
552883,DOLLY GIRL LUNCH BOX,256,5/12/2011 10:13,1.65,14646,Netherlands
552883,ROUND SNACK BOXES SET OF4 WOODLAND,240,5/12/2011 10:13,2.55,14646,Netherlands
552883,SPACEBOY LUNCH BOX,320,5/12/2011 10:13,1.65,14646,Netherlands
552904,COLOUR GLASS. STAR T-LIGHT HOLDER,428,5/12/2011 11:07,2.75,16013,United Kingdom
553062,JUMBO BAG RED RETROSPOT,200,5/13/2011 11:25,1.79,13629,United Kingdom
553368,DOORMAT KEEP CALM AND COME IN,200,5/16/2011 14:24,4.58,18102,United Kingdom
553368,DOORMAT RED RETROSPOT,200,5/16/2011 14:24,4.58,18102,United Kingdom
553468,LADIES & GENTLEMEN METAL SIGN,192,5/17/2011 11:14,1.69,16029,United Kingdom
553468,PLEASE ONE PERSON METAL SIGN,192,5/17/2011 11:14,1.65,16029,United Kingdom
553470,LARGE ZINC HEART WALL ORGANISER,200,5/17/2011 11:27,5.88,18102,United Kingdom
553470,CREAM HEART CARD HOLDER,216,5/17/2011 11:27,2.32,18102,United Kingdom
553470,BLACK HEART CARD HOLDER,216,5/17/2011 11:27,2.32,18102,United Kingdom
553546,ABC TREASURE BOOK BOX,288,5/17/2011 15:42,1.95,12415,Australia
553546,FAIRY TALE COTTAGE NIGHTLIGHT,192,5/17/2011 15:42,1.65,12415,Australia
553978,JUMBO BAG DOILEY PATTERNS,200,5/20/2011 11:03,1.65,16182,United Kingdom
553978,JUMBO BAG VINTAGE LEAF,200,5/20/2011 11:03,1.65,16182,United Kingdom
553978,JUMBO BAG APPLES,200,5/20/2011 11:03,1.65,16182,United Kingdom
553978,JUMBO BAG RED RETROSPOT,200,5/20/2011 11:03,1.79,16182,United Kingdom
554057,WHITE TALL PORCELAIN T-LIGHT HOLDER,288,5/20/2011 15:52,1.95,17867,United Kingdom
554060,LUNCH BOX I LOVE LONDON,200,5/20/2011 16:55,1.9,18008,United Kingdom
554071,PICNIC BASKET WICKER LARGE,200,5/22/2011 11:17,8.5,13113,United Kingdom
554272,LUNCH BOX I LOVE LONDON,222,5/23/2011 13:08,1.65,12901,United Kingdom
554272,LONDON BUS COFFEE MUG,240,5/23/2011 13:08,2.1,12901,United Kingdom
554272,QUEENS GUARD COFFEE MUG,246,5/23/2011 13:08,2.1,12901,United Kingdom
554282,JUMBO BAG SPACEBOY DESIGN,300,5/23/2011 14:01,1.79,15769,United Kingdom
554282,JUMBO BAG RED RETROSPOT,200,5/23/2011 14:01,1.79,15769,United Kingdom
554358,HEART OF WICKER LARGE,408,5/24/2011 9:32,2.55,17450,United Kingdom
554358,OPEN CLOSED METAL SIGN,420,5/24/2011 9:32,4.25,17450,United Kingdom
554366,DOG BOWL CHASING BALL DESIGN,756,5/24/2011 10:24,4.18,17450,United Kingdom
554366,ILLUSTRATED CAT BOWL,888,5/24/2011 10:24,2.69,17450,United Kingdom
554366,BLACK AND WHITE CAT BOWL,888,5/24/2011 10:24,2.4,17450,United Kingdom
554366,BLACK AND WHITE DOG BOWL,552,5/24/2011 10:24,3.24,17450,United Kingdom
554552,JUMBO BAG VINTAGE LEAF,200,5/25/2011 9:58,1.79,13694,United Kingdom
554552,JUMBO BAG PEARS,200,5/25/2011 9:58,1.79,13694,United Kingdom
554552,JUMBO BAG STRAWBERRY,200,5/25/2011 9:58,1.79,13694,United Kingdom
554552,JUMBO BAG RED RETROSPOT,200,5/25/2011 9:58,1.79,13694,United Kingdom
554709,TOY TIDY PINK POLKADOT,200,5/26/2011 10:35,1.85,15769,United Kingdom
554709,JUMBO BAG ALPHABET,200,5/26/2011 10:35,1.79,15769,United Kingdom
554709,JUMBO BAG APPLES,200,5/26/2011 10:35,1.79,15769,United Kingdom
554710,JUMBO BAG PINK POLKADOT,300,5/26/2011 10:37,1.79,15769,United Kingdom
554827,RABBIT NIGHT LIGHT,240,5/26/2011 15:19,2.08,14646,Netherlands
554827,RED RETROSPOT PICNIC BAG,250,5/26/2011 15:19,2.55,14646,Netherlands
554827,STRAWBERRY LUNCH BOX WITH CUTLERY,180,5/26/2011 15:19,2.1,14646,Netherlands
554845,RED HANGING HEART T-LIGHT HOLDER,224,5/26/2011 19:49,3.24,17450,United Kingdom
554845,HEART OF WICKER SMALL,738,5/26/2011 19:49,1.93,17450,United Kingdom
554845,HEART OF WICKER LARGE,330,5/26/2011 19:49,3.21,17450,United Kingdom
554845,WHITE HANGING HEART T-LIGHT HOLDER,608,5/26/2011 19:49,3.24,17450,United Kingdom
555164,JUMBO BAG WOODLAND ANIMALS,200,6/1/2011 10:24,1.79,14646,Netherlands
555164,CIRCUS PARADE LUNCH BOX,192,6/1/2011 10:24,1.65,14646,Netherlands
555164,ROUND SNACK BOXES SET OF4 WOODLAND,240,6/1/2011 10:24,2.55,14646,Netherlands
555164,SPACEBOY LUNCH BOX,320,6/1/2011 10:24,1.65,14646,Netherlands
555164,DOLLY GIRL LUNCH BOX,320,6/1/2011 10:24,1.65,14646,Netherlands
555285,ORANGE TV TRAY TABLE,186,6/2/2011 9:38,1.95,14298,United Kingdom
555352,JUMBO BAG STRAWBERRY,200,6/2/2011 12:46,1.79,15838,United Kingdom
555352,JUMBO BAG PINK POLKADOT,200,6/2/2011 12:46,1.79,15838,United Kingdom
555382,WHITE HANGING HEART T-LIGHT HOLDER,320,6/2/2011 14:46,2.55,17133,United Kingdom
555478,BLACK RECORD COVER FRAME,336,6/3/2011 12:28,3.39,13777,United Kingdom
555531,JUMBO BAG DOILEY PATTERNS,200,6/5/2011 11:53,1.79,12678,France
555920,DOORMAT UNION FLAG,200,6/7/2011 16:35,4.58,18102,United Kingdom
555920,DOORMAT BLACK FLOCK,200,6/7/2011 16:35,4.58,18102,United Kingdom
555920,DOORMAT WELCOME PUPPIES,200,6/7/2011 16:35,4.58,18102,United Kingdom
555920,DOORMAT HOME SWEET HOME BLUE,200,6/7/2011 16:35,4.58,18102,United Kingdom
555920,DOORMAT FANCY FONT HOME SWEET HOME,200,6/7/2011 16:35,4.58,18102,United Kingdom
555920,DOORMAT FAIRY CAKE,200,6/7/2011 16:35,4.58,18102,United Kingdom
555920,DOORMAT UNION JACK GUNS AND ROSES,200,6/7/2011 16:35,4.58,18102,United Kingdom
555920,DOORMAT HEARTS,200,6/7/2011 16:35,4.58,18102,United Kingdom
555920,DOORMAT NEW ENGLAND,200,6/7/2011 16:35,4.58,18102,United Kingdom
555920,DOORMAT RED RETROSPOT,200,6/7/2011 16:35,4.58,18102,United Kingdom
555920,DOORMAT KEEP CALM AND COME IN,200,6/7/2011 16:35,4.58,18102,United Kingdom
556255,DOORMAT UNION FLAG,300,6/9/2011 17:27,4.58,18102,United Kingdom
556255,DOORMAT BLACK FLOCK,300,6/9/2011 17:27,4.58,18102,United Kingdom
556255,DOORMAT WELCOME PUPPIES,300,6/9/2011 17:27,4.58,18102,United Kingdom
556255,DOORMAT HOME SWEET HOME BLUE,300,6/9/2011 17:27,4.58,18102,United Kingdom
556255,DOORMAT FANCY FONT HOME SWEET HOME,300,6/9/2011 17:27,4.58,18102,United Kingdom
556255,DOORMAT FAIRY CAKE,300,6/9/2011 17:27,4.58,18102,United Kingdom
556255,DOORMAT UNION JACK GUNS AND ROSES,300,6/9/2011 17:27,4.58,18102,United Kingdom
556255,DOORMAT MULTICOLOUR STRIPE,300,6/9/2011 17:27,4.58,18102,United Kingdom
556255,DOORMAT HEARTS,300,6/9/2011 17:27,4.58,18102,United Kingdom
556255,DOORMAT NEW ENGLAND,300,6/9/2011 17:27,4.58,18102,United Kingdom
556255,DOORMAT RED RETROSPOT,300,6/9/2011 17:27,4.58,18102,United Kingdom
556255,DOORMAT KEEP CALM AND COME IN,300,6/9/2011 17:27,4.58,18102,United Kingdom
556505,PLASTERS IN TIN STRONGMAN,192,6/13/2011 9:43,1.65,17381,United Kingdom
556574,BLACK RECORD COVER FRAME,360,6/13/2011 13:41,3.39,16209,United Kingdom
556714,JUMBO BAG RED RETROSPOT,200,6/14/2011 10:49,1.79,14680,United Kingdom
556718,COLOUR GLASS. STAR T-LIGHT HOLDER,660,6/14/2011 11:02,2.75,16013,United Kingdom
556725,SET 3 WICKER OVAL BASKETS W LIDS,200,6/14/2011 11:28,12.48,18102,United Kingdom
556726,WOOD BLACK BOARD ANT WHITE FINISH,204,6/14/2011 11:31,4.8,18102,United Kingdom
556726,SMALL ZINC HEART WALL ORGANISER,300,6/14/2011 11:31,3.32,18102,United Kingdom
556726,LARGE ZINC HEART WALL ORGANISER,304,6/14/2011 11:31,5.88,18102,United Kingdom
556726,CREAM HEART CARD HOLDER,324,6/14/2011 11:31,2.31,18102,United Kingdom
556726,BLACK HEART CARD HOLDER,324,6/14/2011 11:31,2.31,18102,United Kingdom
556726,3 HOOK PHOTO SHELF ANTIQUE WHITE,204,6/14/2011 11:31,5.88,18102,United Kingdom
556726,VINTAGE UNION JACK MEMOBOARD,204,6/14/2011 11:31,6.4,18102,United Kingdom
556917,SET OF 4 KNICK KNACK TINS DOILEY,192,6/15/2011 13:37,3.75,12415,Australia
556917,SET OF TEA COFFEE SUGAR TINS PANTRY,240,6/15/2011 13:37,4.15,12415,Australia
556917,SET OF 3 REGENCY CAKE TINS,240,6/15/2011 13:37,4.15,12415,Australia
556917,RABBIT NIGHT LIGHT,240,6/15/2011 13:37,1.79,12415,Australia
556918,BLACK RECORD COVER FRAME,192,6/15/2011 13:37,3.39,12415,Australia
556956,JUMBO  BAG BAROQUE BLACK WHITE,200,6/16/2011 9:04,1.75,13694,United Kingdom
556961,HAND OVER THE CHOCOLATE   SIGN,288,6/16/2011 9:34,1.85,16276,United Kingdom
557125,SET OF 6 SPICE TINS PANTRY DESIGN,264,6/16/2011 18:40,3.45,17450,United Kingdom
557125,SET OF 3 CAKE TINS PANTRY DESIGN,188,6/16/2011 18:40,4.25,17450,United Kingdom
557125,PANTRY ROLLING PIN,216,6/16/2011 18:40,3.39,17450,United Kingdom
557263,ROUND SNACK BOXES SET OF4 WOODLAND,192,6/19/2011 11:08,2.55,14646,Netherlands
557428,ALARM CLOCK BAKELIKE GREEN,200,6/20/2011 12:24,3.75,17857,United Kingdom
557485,RECYCLING BAG RETROSPOT,200,6/20/2011 14:38,1.85,15769,United Kingdom
557485,JUMBO BAG OWLS,200,6/20/2011 14:38,1.79,15769,United Kingdom
557485,JUMBO BAG STRAWBERRY,400,6/20/2011 14:38,1.79,15769,United Kingdom
557485,JUMBO BAG SPACEBOY DESIGN,200,6/20/2011 14:38,1.79,15769,United Kingdom
557485,JUMBO BAG PINK POLKADOT,300,6/20/2011 14:38,1.79,15769,United Kingdom
557485,JUMBO BAG RED RETROSPOT,300,6/20/2011 14:38,1.79,15769,United Kingdom
557670,RABBIT NIGHT LIGHT,288,6/22/2011 10:11,1.79,12798,Japan
558262,JUMBO BAG APPLES,200,6/28/2011 8:45,1.79,14646,Netherlands
558262,JUMBO BAG OWLS,200,6/28/2011 8:45,1.79,14646,Netherlands
558262,JUMBO BAG RED RETROSPOT,200,6/28/2011 8:45,1.79,14646,Netherlands
558310,PAPER CHAIN KIT 50'S CHRISTMAS,320,6/28/2011 11:20,2.55,16671,United Kingdom
558362,JUMBO BAG OWLS,200,6/28/2011 15:14,1.74,16029,United Kingdom
558362,JUMBO STORAGE BAG SUKI,200,6/28/2011 15:14,1.74,16029,United Kingdom
558526,ROSES REGENCY TEACUP AND SAUCER,768,6/30/2011 11:01,2.55,17949,United Kingdom
558526,REGENCY TEAPOT ROSES,540,6/30/2011 11:01,8.15,17949,United Kingdom
558526,REGENCY SUGAR BOWL GREEN,696,6/30/2011 11:01,3.75,17949,United Kingdom
558526,REGENCY MILK JUG PINK,696,6/30/2011 11:01,2.75,17949,United Kingdom
558552,JUMBO BAG ALPHABET,200,6/30/2011 12:42,1.75,13694,United Kingdom
558552,JUMBO BAG PEARS,200,6/30/2011 12:42,1.75,13694,United Kingdom
558552,JUMBO BAG RED RETROSPOT,200,6/30/2011 12:42,1.75,13694,United Kingdom
558554,SET OF 3 REGENCY CAKE TINS,576,6/30/2011 12:50,4.15,17949,United Kingdom
558775,DOORMAT BLACK FLOCK,300,7/4/2011 10:20,4.58,18102,United Kingdom
558775,DOORMAT HEARTS,300,7/4/2011 10:20,4.58,18102,United Kingdom
558775,DOORMAT WELCOME PUPPIES,300,7/4/2011 10:20,4.58,18102,United Kingdom
558775,DOORMAT NEW ENGLAND,300,7/4/2011 10:20,4.58,18102,United Kingdom
558775,DOORMAT FANCY FONT HOME SWEET HOME,300,7/4/2011 10:20,4.58,18102,United Kingdom
558775,DOORMAT RED RETROSPOT,200,7/4/2011 10:20,4.58,18102,United Kingdom
558776,DOORMAT BLACK FLOCK,200,7/4/2011 10:20,4.58,18102,United Kingdom
558776,DOORMAT HEARTS,200,7/4/2011 10:20,4.58,18102,United Kingdom
558776,DOORMAT WELCOME PUPPIES,200,7/4/2011 10:20,4.58,18102,United Kingdom
558776,DOORMAT NEW ENGLAND,200,7/4/2011 10:20,4.58,18102,United Kingdom
558776,DOORMAT FANCY FONT HOME SWEET HOME,200,7/4/2011 10:20,4.58,18102,United Kingdom
558776,DOORMAT RED RETROSPOT,200,7/4/2011 10:20,4.58,18102,United Kingdom
558871,CHILDRENS CUTLERY POLKADOT PINK,360,7/4/2011 13:19,3.75,12557,Spain
558871,CHILDRENS CUTLERY POLKADOT BLUE,360,7/4/2011 13:19,3.75,12557,Spain
559098,COOK WITH WINE METAL SIGN,192,7/6/2011 11:02,1.85,16029,United Kingdom
559203,PARTY BUNTING,200,7/7/2011 10:43,4.15,17723,United Kingdom
559322,JUMBO BAG OWLS,300,7/7/2011 14:46,1.79,15769,United Kingdom
559322,RECYCLING BAG RETROSPOT,200,7/7/2011 14:46,1.85,15769,United Kingdom
559322,JUMBO BAG STRAWBERRY,200,7/7/2011 14:46,1.79,15769,United Kingdom
559322,JUMBO BAG PINK POLKADOT,200,7/7/2011 14:46,1.79,15769,United Kingdom
559322,JUMBO BAG RED RETROSPOT,300,7/7/2011 14:46,1.79,15769,United Kingdom
559419,JUMBO BAG RED RETROSPOT,200,7/8/2011 11:41,1.74,16029,United Kingdom
559637,LUNCH BOX I LOVE LONDON,320,7/11/2011 12:15,1.65,17381,United Kingdom
559701,WHITE HANGING HEART T-LIGHT HOLDER,512,7/12/2011 9:10,2.55,16013,United Kingdom
560080,METAL SIGN TAKE IT OR LEAVE IT,192,7/14/2011 16:23,3.2,17450,United Kingdom
560080,NO SINGING METAL SIGN,192,7/14/2011 16:23,2.39,17450,United Kingdom
560080,PLEASE ONE PERSON METAL SIGN,192,7/14/2011 16:23,2.39,17450,United Kingdom
560080,GIN + TONIC DIET METAL SIGN,192,7/14/2011 16:23,2.08,17450,United Kingdom
560080,COOK WITH WINE METAL SIGN,192,7/14/2011 16:23,2.39,17450,United Kingdom
560592,JUMBO BAG RED RETROSPOT,200,7/19/2011 16:36,1.79,13225,United Kingdom
560595,CAMOUFLAGE DESIGN TEDDY,240,7/19/2011 16:45,2.1,16656,United Kingdom
560734,COLOUR GLASS. STAR T-LIGHT HOLDER,360,7/20/2011 14:58,2.75,15298,United Kingdom
561051,LUNCH BOX I LOVE LONDON,240,7/24/2011 13:11,1.65,16684,United Kingdom
561051,JUMBO BAG DOILEY PATTERNS,300,7/24/2011 13:11,1.79,16684,United Kingdom
561051,JUMBO BAG PINK VINTAGE PAISLEY,200,7/24/2011 13:11,1.79,16684,United Kingdom
561397,CHILLI LIGHTS,480,7/27/2011 10:41,4.65,16532,United Kingdom
561633,SET OF 3 REGENCY CAKE TINS,192,7/28/2011 14:33,4.15,17949,United Kingdom
561633,REGENCY CAKESTAND 3 TIER,192,7/28/2011 14:33,10.95,17949,United Kingdom
561633,REGENCY SUGAR BOWL GREEN,384,7/28/2011 14:33,3.75,17949,United Kingdom
561633,REGENCY MILK JUG PINK,384,7/28/2011 14:33,2.75,17949,United Kingdom
561633,REGENCY TEAPOT ROSES,384,7/28/2011 14:33,8.15,17949,United Kingdom
561633,ROSES REGENCY TEACUP AND SAUCER,261,7/28/2011 14:33,2.55,17949,United Kingdom
561655,LARGE ZINC HEART WALL ORGANISER,256,7/28/2011 16:00,5.88,18102,United Kingdom
561655,WOOD BLACK BOARD ANT WHITE FINISH,204,7/28/2011 16:00,4.8,18102,United Kingdom
561655,WOODEN PICTURE FRAME WHITE FINISH,216,7/28/2011 16:00,1.92,18102,United Kingdom
561655,3 HOOK PHOTO SHELF ANTIQUE WHITE,204,7/28/2011 16:00,5.88,18102,United Kingdom
561655,CREAM HEART CARD HOLDER,324,7/28/2011 16:00,2.31,18102,United Kingdom
561655,BLACK HEART CARD HOLDER,324,7/28/2011 16:00,2.31,18102,United Kingdom
561655,SMALL ZINC HEART WALL ORGANISER,300,7/28/2011 16:00,3.32,18102,United Kingdom
561659,RED HANGING HEART T-LIGHT HOLDER,352,7/28/2011 16:11,3.24,17450,United Kingdom
561659,WHITE HANGING HEART T-LIGHT HOLDER,480,7/28/2011 16:11,3.24,17450,United Kingdom
561902,SET 40 HEART SHAPE PETIT FOUR CASES,240,7/31/2011 15:50,1.65,17404,Sweden
562029,JUMBO BAG PINK VINTAGE PAISLEY,200,8/1/2011 16:41,1.79,16182,United Kingdom
562029,JUMBO BAG RED RETROSPOT,300,8/1/2011 16:41,1.79,16182,United Kingdom
562029,JUMBO BAG APPLES,200,8/1/2011 16:41,1.79,16182,United Kingdom
562029,JUMBO BAG DOILEY PATTERNS,200,8/1/2011 16:41,1.79,16182,United Kingdom
562029,JUMBO BAG VINTAGE LEAF,200,8/1/2011 16:41,1.79,16182,United Kingdom
562345,JUMBO  BAG BAROQUE BLACK WHITE,200,8/4/2011 12:14,1.79,13694,United Kingdom
562439,FAWN BLUE HOT WATER BOTTLE,180,8/4/2011 18:06,2.55,12931,United Kingdom
562439,GLITTER HANGING BUTTERFLY STRING,270,8/4/2011 18:06,1.69,12931,United Kingdom
562439,JUMBO BAG ALPHABET,220,8/4/2011 18:06,1.79,12931,United Kingdom
562439,REVOLVER WOODEN RULER,432,8/4/2011 18:06,1.65,12931,United Kingdom
562439,GIRAFFE WOODEN RULER,432,8/4/2011 18:06,1.65,12931,United Kingdom
562439,WHITE SKULL HOT WATER BOTTLE,192,8/4/2011 18:06,3.39,12931,United Kingdom
562439,JUMBO BAG DOILEY PATTERNS,300,8/4/2011 18:06,1.79,12931,United Kingdom
562439,IVORY DINER WALL CLOCK,348,8/4/2011 18:06,7.65,12931,United Kingdom
562439,JINGLE BELL HEART ANTIQUE SILVER,576,8/4/2011 18:06,1.79,12931,United Kingdom
562439,SET/3 RED GINGHAM ROSE STORAGE BOX,360,8/4/2011 18:06,3.39,12931,United Kingdom
562652,JUMBO BAG RED RETROSPOT,200,8/8/2011 13:34,1.79,14844,United Kingdom
562789,ROUND SNACK BOXES SET OF4 WOODLAND,240,8/9/2011 13:50,2.55,14646,Netherlands
562789,SET OF 4 KNICK KNACK TINS DOILEY,240,8/9/2011 13:50,3.75,14646,Netherlands
562789,JUMBO BAG WOODLAND ANIMALS,300,8/9/2011 13:50,1.79,14646,Netherlands
562789,JUMBO BAG APPLES,200,8/9/2011 13:50,1.79,14646,Netherlands
562789,JUMBO BAG ALPHABET,200,8/9/2011 13:50,1.79,14646,Netherlands
562789,JUMBO BAG DOILEY PATTERNS,400,8/9/2011 13:50,1.79,14646,Netherlands
562789,JUMBO BAG RED RETROSPOT,200,8/9/2011 13:50,1.79,14646,Netherlands
562850,JUMBO BAG RED RETROSPOT,300,8/10/2011 10:08,1.79,14680,United Kingdom
562880,JUMBO BAG STRAWBERRY,200,8/10/2011 10:53,1.79,15838,United Kingdom
562880,JUMBO BAG RED RETROSPOT,200,8/10/2011 10:53,1.79,15838,United Kingdom
563038,CAMOUFLAGE DESIGN TEDDY,240,8/11/2011 15:05,2.1,16656,United Kingdom
563074,JUMBO BAG ALPHABET,220,8/11/2011 15:58,1.79,12931,United Kingdom
563074,REVOLVER WOODEN RULER,432,8/11/2011 15:58,1.65,12931,United Kingdom
563074,GIRAFFE WOODEN RULER,432,8/11/2011 15:58,1.65,12931,United Kingdom
563074,WHITE SKULL HOT WATER BOTTLE,192,8/11/2011 15:58,3.39,12931,United Kingdom
563074,JUMBO BAG DOILEY PATTERNS,300,8/11/2011 15:58,1.79,12931,United Kingdom
563076,ROUND SNACK BOXES SET OF4 WOODLAND,240,8/11/2011 16:12,2.55,14646,Netherlands
563076,SPACEBOY LUNCH BOX,320,8/11/2011 16:12,1.65,14646,Netherlands
563076,DOLLY GIRL LUNCH BOX,320,8/11/2011 16:12,1.65,14646,Netherlands
563076,JUMBO BAG VINTAGE DOILY,200,8/11/2011 16:12,1.79,14646,Netherlands
563076,3 HOOK HANGER MAGIC GARDEN,192,8/11/2011 16:12,1.65,14646,Netherlands
563076,3 HEARTS HANGING DECORATION RUSTIC,256,8/11/2011 16:12,2.55,14646,Netherlands
563173,LUNCH BOX I LOVE LONDON,320,8/12/2011 13:27,1.65,17381,United Kingdom
563563,RED FLORAL FELTCRAFT SHOULDER BAG,288,8/17/2011 14:03,3.39,16029,United Kingdom
563563,FELTCRAFT 6 FLOWER FRIENDS,400,8/17/2011 14:03,1.85,16029,United Kingdom
563563,FELTCRAFT CUSHION OWL,240,8/17/2011 14:03,3.39,16029,United Kingdom
563563,FELTCRAFT CUSHION BUTTERFLY,240,8/17/2011 14:03,3.75,16029,United Kingdom
563563,FELTCRAFT CUSHION RABBIT,240,8/17/2011 14:03,3.39,16029,United Kingdom
563563,FELTCRAFT DOLL MOLLY,480,8/17/2011 14:03,2.55,16029,United Kingdom
563588,SPOTTY BUNTING,196,8/17/2011 19:15,4.15,17450,United Kingdom
563590,METAL SIGN HER DINNER IS SERVED,248,8/17/2011 20:02,3.2,17450,United Kingdom
563590,SET 2 PANTRY DESIGN TEA TOWELS,360,8/17/2011 20:02,3.28,17450,United Kingdom
563590,PANTRY ROLLING PIN,180,8/17/2011 20:02,4.02,17450,United Kingdom
563590,ALARM CLOCK BAKELIKE PINK,222,8/17/2011 20:02,4.08,17450,United Kingdom
563590,ALARM CLOCK BAKELIKE IVORY,250,8/17/2011 20:02,4.08,17450,United Kingdom
563590,HOMEMADE JAM SCENTED CANDLES,696,8/17/2011 20:02,1.7,17450,United Kingdom
563590,JAM MAKING SET WITH JARS,230,8/17/2011 20:02,4.6,17450,United Kingdom
563590,SET OF 6 SPICE TINS PANTRY DESIGN,210,8/17/2011 20:02,4.25,17450,United Kingdom
563590,SET OF TEA COFFEE SUGAR TINS PANTRY,352,8/17/2011 20:02,5.15,17450,United Kingdom
563614,JUMBO BAG VINTAGE CHRISTMAS,200,8/18/2011 8:51,1.79,12415,Australia
563614,FELTCRAFT CHRISTMAS FAIRY,336,8/18/2011 8:51,3.75,12415,Australia
563614,SET 6 SCHOOL MILK BOTTLES IN CRATE,240,8/18/2011 8:51,3.39,12415,Australia
563614,DOLLY GIRL LUNCH BOX,256,8/18/2011 8:51,1.65,12415,Australia
563614,SPACEBOY LUNCH BOX,256,8/18/2011 8:51,1.65,12415,Australia
563614,BUFFALO BILL TREASURE BOOK BOX,216,8/18/2011 8:51,1.95,12415,Australia
563614,GYMKHANA TREASURE BOOK BOX,216,8/18/2011 8:51,2.25,12415,Australia
563614,TREASURE ISLAND BOOK BOX,216,8/18/2011 8:51,1.95,12415,Australia
563614,BISCUIT TIN VINTAGE CHRISTMAS,216,8/18/2011 8:51,2.49,12415,Australia
563684,CUT GLASS HEXAGON T-LIGHT HOLDER,504,8/18/2011 12:23,1.69,17386,United Kingdom
563902,JUMBO BAG RED RETROSPOT,200,8/21/2011 11:06,1.79,17029,United Kingdom
564046,WHITE HANGING HEART T-LIGHT HOLDER,400,8/22/2011 12:59,2.55,16013,United Kingdom
564054,ALARM CLOCK BAKELIKE RED,400,8/22/2011 13:55,3.39,17857,United Kingdom
564054,ALARM CLOCK BAKELIKE PINK,400,8/22/2011 13:55,3.39,17857,United Kingdom
564054,ALARM CLOCK BAKELIKE GREEN,200,8/22/2011 13:55,3.39,17857,United Kingdom
564310,JUMBO BAG PINK POLKADOT,200,8/24/2011 12:51,1.79,15769,United Kingdom
564310,JUMBO BAG APPLES,300,8/24/2011 12:51,1.79,15769,United Kingdom
564310,JUMBO BAG STRAWBERRY,300,8/24/2011 12:51,1.79,15769,United Kingdom
564310,JUMBO BAG SPACEBOY DESIGN,200,8/24/2011 12:51,1.79,15769,United Kingdom
564310,JUMBO BAG RED RETROSPOT,200,8/24/2011 12:51,1.79,15769,United Kingdom
564311,JUMBO BAG OWLS,300,8/24/2011 12:52,1.79,15769,United Kingdom
564311,JUMBO BAG ALPHABET,200,8/24/2011 12:52,1.79,15769,United Kingdom
564311,JUMBO BAG APPLES,200,8/24/2011 12:52,1.79,15769,United Kingdom
564311,JUMBO BAG RED RETROSPOT,200,8/24/2011 12:52,1.79,15769,United Kingdom
564312,JUMBO BAG ALPHABET,300,8/24/2011 12:52,1.79,15769,United Kingdom
564312,JUMBO BAG APPLES,400,8/24/2011 12:52,1.79,15769,United Kingdom
564312,JUMBO BAG STRAWBERRY,200,8/24/2011 12:52,1.79,15769,United Kingdom
564312,HOT WATER BOTTLE I AM SO POORLY,312,8/24/2011 12:52,4.25,15769,United Kingdom
564312,JUMBO BAG RED RETROSPOT,300,8/24/2011 12:52,1.79,15769,United Kingdom
564323,JUMBO BAG OWLS,200,8/24/2011 13:24,1.75,13694,United Kingdom
564323,JUMBO BAG SCANDINAVIAN BLUE PAISLEY,200,8/24/2011 13:24,1.75,13694,United Kingdom
564650,SPACEBOY LUNCH BOX,448,8/26/2011 14:17,1.65,14646,Netherlands
564650,DOLLY GIRL LUNCH BOX,448,8/26/2011 14:17,1.65,14646,Netherlands
564652,RABBIT NIGHT LIGHT,480,8/26/2011 14:20,2.08,14646,Netherlands
564811,JUMBO BAG SPACEBOY DESIGN,300,8/30/2011 11:37,1.79,15769,United Kingdom
564859,RABBIT NIGHT LIGHT,216,8/31/2011 9:55,1.79,14057,United Kingdom
564897,RABBIT NIGHT LIGHT,288,8/31/2011 11:22,1.79,12678,France
565145,FELTCRAFT PRINCESS OLIVIA DOLL,240,9/1/2011 13:50,3.39,12415,Australia
565181,PLASTERS IN TIN STRONGMAN,192,9/1/2011 15:52,1.65,17381,United Kingdom
565181,LUNCH BOX I LOVE LONDON,192,9/1/2011 15:52,1.65,17381,United Kingdom
565285,COLOUR GLASS. STAR T-LIGHT HOLDER,288,9/2/2011 11:34,2.75,16013,United Kingdom
565291,WOOD BLACK BOARD ANT WHITE FINISH,300,9/2/2011 11:53,4.8,18102,United Kingdom
565291,WOODEN PICTURE FRAME WHITE FINISH,324,9/2/2011 11:53,1.92,18102,United Kingdom
565291,SMALL ZINC HEART WALL ORGANISER,408,9/2/2011 11:53,3.32,18102,United Kingdom
565291,CREAM HEART CARD HOLDER,324,9/2/2011 11:53,2.31,18102,United Kingdom
565291,BLACK HEART CARD HOLDER,324,9/2/2011 11:53,2.31,18102,United Kingdom
565459,CAMOUFLAGE DESIGN TEDDY,192,9/5/2011 9:20,2.1,16656,United Kingdom
565580,HAND WARMER OWL DESIGN,480,9/5/2011 12:36,1.85,13851,United Kingdom
565589,PLEASE ONE PERSON METAL SIGN,192,9/5/2011 13:52,2.4,17450,United Kingdom
566481,JUMBO BAG OWLS,300,9/13/2011 9:33,1.79,15769,United Kingdom
566481,JUMBO BAG SPACEBOY DESIGN,200,9/13/2011 9:33,1.79,15769,United Kingdom
566481,JUMBO BAG PINK POLKADOT,200,9/13/2011 9:33,1.79,15769,United Kingdom
566494,SET 40 HEART SHAPE PETIT FOUR CASES,480,9/13/2011 11:12,1.65,17404,Sweden
566931,DOORMAT MERRY CHRISTMAS RED,200,9/15/2011 15:27,4.58,18102,United Kingdom
566931,DOORMAT PEACE ON EARTH BLUE,600,9/15/2011 15:27,4.58,18102,United Kingdom
566931,DOORMAT CHRISTMAS VILLAGE,450,9/15/2011 15:27,4.58,18102,United Kingdom
566934,DOORMAT HEARTS,500,9/15/2011 15:34,4.58,18102,United Kingdom
566934,DOORMAT NEW ENGLAND,500,9/15/2011 15:34,4.58,18102,United Kingdom
566934,DOORMAT FAIRY CAKE,500,9/15/2011 15:34,4.58,18102,United Kingdom
566934,DOORMAT ENGLISH ROSE,350,9/15/2011 15:34,4.58,18102,United Kingdom
566934,DOORMAT UNION FLAG,500,9/15/2011 15:34,4.58,18102,United Kingdom
566934,DOORMAT TOPIARY,300,9/15/2011 15:34,4.58,18102,United Kingdom
566935,DOORMAT MULTICOLOUR STRIPE,400,9/15/2011 15:35,4.58,18102,United Kingdom
566935,DOORMAT 3 SMILEY CATS,500,9/15/2011 15:35,4.58,18102,United Kingdom
566935,DOORMAT WELCOME TO OUR HOME,300,9/15/2011 15:35,4.58,18102,United Kingdom
566935,DOORMAT HOME SWEET HOME BLUE,200,9/15/2011 15:35,4.58,18102,United Kingdom
566936,DOORMAT RESPECTABLE HOUSE,200,9/15/2011 15:35,4.58,18102,United Kingdom
566936,DOORMAT FANCY FONT HOME SWEET HOME,200,9/15/2011 15:35,4.58,18102,United Kingdom
567280,SPACEBOY LUNCH BOX,192,9/19/2011 11:46,1.65,14646,Netherlands
567280,DOLLY GIRL LUNCH BOX,192,9/19/2011 11:46,1.65,14646,Netherlands
567377,PANTRY CHOPPING BOARD,186,9/20/2011 9:55,5.15,17450,United Kingdom
567381,SET OF 10 LED DOLLY LIGHTS,416,9/20/2011 10:12,6.5,17450,United Kingdom
567381,PHOTO FRAME CORNICE,416,9/20/2011 10:12,3.2,17450,United Kingdom
567381,RETROSPOT HEART HOT WATER BOTTLE,496,9/20/2011 10:12,5.1,17450,United Kingdom
567381,DOORSTOP RETROSPOT HEART,744,9/20/2011 10:12,4.08,17450,United Kingdom
567381,SCOTTIE DOG HOT WATER BOTTLE,496,9/20/2011 10:12,5.1,17450,United Kingdom
567381,BAKING SET 9 PIECE RETROSPOT,416,9/20/2011 10:12,5.1,17450,United Kingdom
567381,MEMO BOARD RETROSPOT  DESIGN,416,9/20/2011 10:12,5.1,17450,United Kingdom
567381,PIGGY BANK RETROSPOT,744,9/20/2011 10:12,2.5,17450,United Kingdom
567384,HEART OF WICKER SMALL,456,9/20/2011 10:23,1.93,17450,United Kingdom
567384,HEART OF WICKER LARGE,396,9/20/2011 10:23,3.2,17450,United Kingdom
567384,LAUNDRY 15C METAL SIGN,192,9/20/2011 10:23,1.7,17450,United Kingdom
567385,PAPER CHAIN KIT VINTAGE CHRISTMAS,320,9/20/2011 10:27,2.55,14866,United Kingdom
567387,RED HANGING HEART T-LIGHT HOLDER,192,9/20/2011 10:38,3.2,17450,United Kingdom
567387,HEART OF WICKER SMALL,306,9/20/2011 10:38,1.93,17450,United Kingdom
567387,HEART OF WICKER LARGE,222,9/20/2011 10:38,3.2,17450,United Kingdom
567387,WHITE HANGING HEART T-LIGHT HOLDER,224,9/20/2011 10:38,3.2,17450,United Kingdom
567423,METAL SIGN HER DINNER IS SERVED,248,9/20/2011 11:05,3.2,17450,United Kingdom
567423,PANTRY CHOPPING BOARD,756,9/20/2011 11:05,5.06,17450,United Kingdom
567423,PANTRY WASHING UP BRUSH,666,9/20/2011 11:05,1.7,17450,United Kingdom
567423,PANTRY ROLLING PIN,708,9/20/2011 11:05,4.18,17450,United Kingdom
567423,HOMEMADE JAM SCENTED CANDLES,1428,9/20/2011 11:05,1.7,17450,United Kingdom
567423,SET OF 6 SPICE TINS PANTRY DESIGN,852,9/20/2011 11:05,4.25,17450,United Kingdom
567423,SET OF 3 CAKE TINS PANTRY DESIGN,612,9/20/2011 11:05,5.18,17450,United Kingdom
567423,SET OF TEA COFFEE SUGAR TINS PANTRY,1412,9/20/2011 11:05,5.06,17450,United Kingdom
567453,HOT WATER BOTTLE TEA AND SYMPATHY,288,9/20/2011 12:05,5.1,17450,United Kingdom
567455,JUMBO BAG PINK POLKADOT,200,9/20/2011 12:14,1.74,16029,United Kingdom
567458,HOT BATHS METAL SIGN,528,9/20/2011 12:21,2.39,17450,United Kingdom
567458,NO SINGING METAL SIGN,384,9/20/2011 12:21,2.41,17450,United Kingdom
567458,GIN + TONIC DIET METAL SIGN,192,9/20/2011 12:21,2.66,17450,United Kingdom
567458,POTTERING IN THE SHED METAL SIGN,240,9/20/2011 12:21,2.39,17450,United Kingdom
567458,COOK WITH WINE METAL SIGN,336,9/20/2011 12:21,2.41,17450,United Kingdom
567480,METAL SIGN HER DINNER IS SERVED,500,9/20/2011 13:38,3.2,17450,United Kingdom
567480,RECIPE BOX PANTRY YELLOW DESIGN,500,9/20/2011 13:38,3.2,17450,United Kingdom
567669,JUMBO BAG VINTAGE DOILY,200,9/21/2011 15:32,1.79,14887,United Kingdom
567669,JUMBO BAG ALPHABET,200,9/21/2011 15:32,1.79,14887,United Kingdom
567669,JUMBO BAG STRAWBERRY,200,9/21/2011 15:32,1.79,14887,United Kingdom
567669,JUMBO  BAG BAROQUE BLACK WHITE,200,9/21/2011 15:32,1.79,14887,United Kingdom
567669,JUMBO BAG RED RETROSPOT,200,9/21/2011 15:32,1.79,14887,United Kingdom
567852,SET OF TEA COFFEE SUGAR TINS PANTRY,216,9/22/2011 13:21,3.39,18102,United Kingdom
567962,JUMBO BAG PINK POLKADOT,200,9/23/2011 9:19,1.79,15838,United Kingdom
567962,RECYCLING BAG RETROSPOT,200,9/23/2011 9:19,1.85,15838,United Kingdom
567962,JUMBO BAG RED RETROSPOT,200,9/23/2011 9:19,1.79,15838,United Kingdom
567962,JUMBO BAG STRAWBERRY,200,9/23/2011 9:19,1.79,15838,United Kingdom
568319,RECIPE BOX PANTRY YELLOW DESIGN,192,9/26/2011 13:35,2.55,17389,United Kingdom
568512,SET 2 TEA TOWELS I LOVE LONDON,200,9/27/2011 12:28,2.75,14101,United Kingdom
568673,JUMBO SHOPPER VINTAGE RED PAISLEY,200,9/28/2011 13:23,1.79,16182,United Kingdom
568673,JUMBO BAG SCANDINAVIAN BLUE PAISLEY,200,9/28/2011 13:23,1.79,16182,United Kingdom
568673,JUMBO BAG VINTAGE DOILY,200,9/28/2011 13:23,1.79,16182,United Kingdom
568673,JUMBO BAG PINK POLKADOT,200,9/28/2011 13:23,1.79,16182,United Kingdom
568717,DOORMAT KEEP CALM AND COME IN,500,9/28/2011 16:17,4.58,18102,United Kingdom
568797,JUMBO BAG PEARS,200,9/29/2011 10:22,1.75,13694,United Kingdom
568797,JUMBO BAG RED RETROSPOT,200,9/29/2011 10:22,1.75,13694,United Kingdom
569084,CHRISTMAS LIGHTS 10 REINDEER,384,9/30/2011 11:56,6.5,17949,United Kingdom
569101,JUMBO BAG VINTAGE CHRISTMAS,200,9/30/2011 12:24,1.79,14164,United Kingdom
569255,CREAM HEART CARD HOLDER,252,10/3/2011 11:01,2.32,18102,United Kingdom
569263,WALL ART VINTAGE HEART,216,10/3/2011 11:37,3.58,18102,United Kingdom
569334,GIRAFFE WOODEN RULER,288,10/3/2011 13:53,1.65,12931,United Kingdom
569334,REVOLVER WOODEN RULER,276,10/3/2011 13:53,1.65,12931,United Kingdom
569334,RABBIT NIGHT LIGHT,360,10/3/2011 13:53,1.79,12931,United Kingdom
569339,GREY HEART HOT WATER BOTTLE,250,10/3/2011 14:18,3.32,15299,United Kingdom
569343,KEEP CALM WALL ART,180,10/3/2011 14:34,7.45,18102,United Kingdom
569343,DOLLY GIRL WALL ART,240,10/3/2011 14:34,3.29,18102,United Kingdom
569385,DOORMAT KEEP CALM AND COME IN,200,10/3/2011 16:48,7.08,14031,United Kingdom
569388,DOORMAT KEEP CALM AND COME IN,200,10/3/2011 16:50,7.08,14031,United Kingdom
569408,PAPER CHAIN KIT VINTAGE CHRISTMAS,240,10/4/2011 9:26,2.55,13881,United Kingdom
569492,PAPER CHAIN KIT 50'S CHRISTMAS,612,10/4/2011 13:30,2.55,16333,United Kingdom
569570,HOT WATER BOTTLE KEEP CALM,240,10/5/2011 10:06,4.15,16684,United Kingdom
569570,JUMBO BAG VINTAGE DOILY,400,10/5/2011 10:06,1.79,16684,United Kingdom
569570,EDWARDIAN PARASOL BLACK,180,10/5/2011 10:06,4.95,16684,United Kingdom
569570,LONDON BUS COFFEE MUG,252,10/5/2011 10:06,2.1,16684,United Kingdom
569570,GREEN REGENCY TEACUP AND SAUCER,192,10/5/2011 10:06,2.55,16684,United Kingdom
569570,PINK REGENCY TEACUP AND SAUCER,240,10/5/2011 10:06,2.55,16684,United Kingdom
569570,ROSES REGENCY TEACUP AND SAUCER,192,10/5/2011 10:06,2.55,16684,United Kingdom
569570,RED RETROSPOT MUG,252,10/5/2011 10:06,2.55,16684,United Kingdom
569570,SET OF 3 REGENCY CAKE TINS,240,10/5/2011 10:06,4.15,16684,United Kingdom
569570,LUNCH BOX I LOVE LONDON,384,10/5/2011 10:06,1.65,16684,United Kingdom
569570,RED RETROSPOT SMALL MILK JUG,240,10/5/2011 10:06,2.1,16684,United Kingdom
569570,RED RETROSPOT SUGAR JAM BOWL,192,10/5/2011 10:06,2.1,16684,United Kingdom
569573,VINTAGE DOILY TRAVEL SEWING KIT,200,10/5/2011 10:11,1.65,17511,United Kingdom
569647,SET OF 6 SPICE TINS PANTRY DESIGN,240,10/5/2011 12:35,3.45,12415,Australia
569650,DOG LICENCE WALL ART,180,10/5/2011 12:44,5.35,12415,Australia
569650,STOP FOR TEA WALL ART,180,10/5/2011 12:44,5.35,12415,Australia
569650,BICYCLE SAFTEY WALL ART,180,10/5/2011 12:44,5.35,12415,Australia
569650,VILLAGE SHOW WALL ART,180,10/5/2011 12:44,5.35,12415,Australia
569650,CIRCUS PARADE LUNCH BOX,192,10/5/2011 12:44,1.65,12415,Australia
569740,JUMBO BAG VINTAGE DOILY,220,10/6/2011 10:52,1.79,15769,United Kingdom
569815,HAND WARMER SCOTTY DOG DESIGN,288,10/6/2011 11:53,1.79,15838,United Kingdom
569815,HAND WARMER OWL DESIGN,288,10/6/2011 11:53,1.79,15838,United Kingdom
569815,HAND WARMER UNION JACK,192,10/6/2011 11:53,1.79,15838,United Kingdom
569815,FELTCRAFT 6 FLOWER FRIENDS,280,10/6/2011 11:53,1.85,15838,United Kingdom
569815,JUMBO BAG PINK POLKADOT,700,10/6/2011 11:53,1.79,15838,United Kingdom
569815,RECYCLING BAG RETROSPOT,700,10/6/2011 11:53,1.85,15838,United Kingdom
569815,TOY TIDY PINK POLKADOT,500,10/6/2011 11:53,1.85,15838,United Kingdom
569815,JUMBO BAG RED RETROSPOT,1000,10/6/2011 11:53,1.79,15838,United Kingdom
569815,JUMBO BAG STRAWBERRY,600,10/6/2011 11:53,1.79,15838,United Kingdom
569839,JUMBO BAG OWLS,300,10/6/2011 13:21,1.79,15769,United Kingdom
569839,JUMBO BAG ALPHABET,200,10/6/2011 13:21,1.79,15769,United Kingdom
569839,JUMBO BAG APPLES,400,10/6/2011 13:21,1.79,15769,United Kingdom
569839,JUMBO BAG PINK POLKADOT,200,10/6/2011 13:21,1.79,15769,United Kingdom
569857,JUMBO BAG RED RETROSPOT,200,10/6/2011 14:31,1.95,12939,United Kingdom
569857,JUMBO BAG WOODLAND ANIMALS,200,10/6/2011 14:31,1.95,12939,United Kingdom
569857,JUMBO BAG PINK VINTAGE PAISLEY,200,10/6/2011 14:31,1.95,12939,United Kingdom
570092,JUMBO BAG PINK POLKADOT,200,10/7/2011 11:51,1.74,16029,United Kingdom
570092,JUMBO BAG RED RETROSPOT,300,10/7/2011 11:51,1.74,16029,United Kingdom
570094,FELTCRAFT DOLL MOLLY,720,10/7/2011 11:56,2.55,16029,United Kingdom
570097,FELTCRAFT 6 FLOWER FRIENDS,600,10/7/2011 12:05,1.85,16029,United Kingdom
570097,FELTCRAFT CUSHION BUTTERFLY,192,10/7/2011 12:05,3.39,16029,United Kingdom
570097,FELTCRAFT CUSHION RABBIT,240,10/7/2011 12:05,3.39,16029,United Kingdom
570097,FELTCRAFT DOLL MOLLY,720,10/7/2011 12:05,2.3,16029,United Kingdom
570242,SET OF 10 LANTERNS FAIRY LIGHT STAR,200,10/9/2011 15:40,3.75,16380,United Kingdom
570338,JUMBO BAG OWLS,200,10/10/2011 12:25,1.79,16029,United Kingdom
570522,JUMBO BAG RED RETROSPOT,300,10/11/2011 10:46,1.74,16029,United Kingdom
570522,JUMBO BAG PINK POLKADOT,200,10/11/2011 10:46,1.74,16029,United Kingdom
570522,JUMBO BAG WOODLAND ANIMALS,200,10/11/2011 10:46,1.74,16029,United Kingdom
570557,FELTCRAFT 6 FLOWER FRIENDS,600,10/11/2011 11:15,1.85,16029,United Kingdom
570557,FELTCRAFT CUSHION BUTTERFLY,192,10/11/2011 11:15,3.39,16029,United Kingdom
570557,FELTCRAFT CUSHION RABBIT,240,10/11/2011 11:15,3.39,16029,United Kingdom
570557,FELTCRAFT DOLL MOLLY,720,10/11/2011 11:15,2.55,16029,United Kingdom
570886,RED WOOLLY HOTTIE WHITE HEART.,228,10/13/2011 10:23,3.39,13777,United Kingdom
570886,WHITE HANGING HEART T-LIGHT HOLDER,192,10/13/2011 10:23,2.55,13777,United Kingdom
571298,JUMBO BAG RED RETROSPOT,300,10/17/2011 8:14,1.79,15769,United Kingdom
571298,JUMBO BAG APPLES,300,10/17/2011 8:14,1.79,15769,United Kingdom
571298,JUMBO BAG STRAWBERRY,200,10/17/2011 8:14,1.79,15769,United Kingdom
571298,JUMBO BAG PINK POLKADOT,200,10/17/2011 8:14,1.79,15769,United Kingdom
571298,JUMBO BAG ALPHABET,200,10/17/2011 8:14,1.79,15769,United Kingdom
571431,PAPER CHAIN KIT 50'S CHRISTMAS,240,10/17/2011 12:52,2.55,13881,United Kingdom
571594,SWISS ROLL TOWEL PINK  SPOTS,240,10/18/2011 10:51,2.95,15971,United Kingdom
571653,OFFICE MUG WARMER PINK,255,10/18/2011 12:17,2.55,14298,United Kingdom
572035,JUMBO BAG RED RETROSPOT,200,10/20/2011 12:03,1.79,14646,Netherlands
572035,ROUND SNACK BOXES SET OF4 WOODLAND,192,10/20/2011 12:03,2.55,14646,Netherlands
572035,SPACEBOY LUNCH BOX,192,10/20/2011 12:03,1.65,14646,Netherlands
572035,DOLLY GIRL LUNCH BOX,256,10/20/2011 12:03,1.65,14646,Netherlands
572193,BUNDLE OF 3 ALPHABET EXERCISE BOOKS,192,10/21/2011 11:33,1.65,15061,United Kingdom
572193,VINTAGE CHRISTMAS CAKE FRILL,240,10/21/2011 11:33,1.65,15061,United Kingdom
572193,BOX OF 6 CHRISTMAS CAKE DECORATIONS,180,10/21/2011 11:33,3.75,15061,United Kingdom
572209,LANDMARK FRAME COVENT GARDEN,300,10/21/2011 12:08,10.95,18102,United Kingdom
572209,LANDMARK FRAME OXFORD STREET,300,10/21/2011 12:08,10.95,18102,United Kingdom
572209,LANDMARK FRAME NOTTING HILL,300,10/21/2011 12:08,10.95,18102,United Kingdom
572209,LANDMARK FRAME LONDON BRIDGE,300,10/21/2011 12:08,10.95,18102,United Kingdom
572209,LANDMARK FRAME CAMDEN TOWN,300,10/21/2011 12:08,10.95,18102,United Kingdom
572209,LANDMARK FRAME BAKER STREET,300,10/21/2011 12:08,10.95,18102,United Kingdom
572324,FLOWERS CHANDELIER T-LIGHT HOLDER,240,10/24/2011 9:52,5.39,14607,United Kingdom
572325,ROTATING SILVER ANGELS T-LIGHT HLDR,600,10/24/2011 9:54,1.74,14607,United Kingdom
572342,FLOWERS CHANDELIER T-LIGHT HOLDER,240,10/24/2011 10:38,1.5,14607,United Kingdom
572344,Manual,456,10/24/2011 10:43,1.5,14607,United Kingdom
572545,PLEASE ONE PERSON METAL SIGN,456,10/24/2011 16:48,2.39,17450,United Kingdom
572656,Manual,288,10/25/2011 12:22,1.5,14607,United Kingdom
572696,ALARM CLOCK BAKELIKE RED,400,10/25/2011 14:23,3.39,17857,United Kingdom
572696,ALARM CLOCK BAKELIKE PINK,400,10/25/2011 14:23,3.39,17857,United Kingdom
572696,ALARM CLOCK BAKELIKE GREEN,200,10/25/2011 14:23,3.39,17857,United Kingdom
572765,COLOUR GLASS. STAR T-LIGHT HOLDER,384,10/26/2011 10:02,2.75,16013,United Kingdom
572765,CHILLI LIGHTS,192,10/26/2011 10:02,4.95,16013,United Kingdom
572766,COLOUR GLASS. STAR T-LIGHT HOLDER,240,10/26/2011 10:03,2.75,16013,United Kingdom
572869,RABBIT NIGHT LIGHT,960,10/26/2011 13:21,1.79,12798,Japan
573002,GUMBALL COAT RACK,288,10/27/2011 12:09,2.1,14646,Netherlands
573002,JUMBO BAG 50'S CHRISTMAS,200,10/27/2011 12:09,1.79,14646,Netherlands
573003,RABBIT NIGHT LIGHT,2400,10/27/2011 12:11,2.08,14646,Netherlands
573153,RABBIT NIGHT LIGHT,912,10/28/2011 7:39,1.79,12678,France
573153,JUMBO BAG PINK POLKADOT,300,10/28/2011 7:39,1.79,12678,France
573153,JUMBO BAG VINTAGE DOILY,300,10/28/2011 7:39,1.79,12678,France
573263,JUMBO BAG 50'S CHRISTMAS,200,10/28/2011 12:34,1.79,13694,United Kingdom
573263,JUMBO BAG VINTAGE CHRISTMAS,200,10/28/2011 12:34,1.79,13694,United Kingdom
573263,JUMBO  BAG BAROQUE BLACK WHITE,200,10/28/2011 12:34,1.79,13694,United Kingdom
573891,RABBIT NIGHT LIGHT,216,11/1/2011 13:56,1.79,12682,France
574014,BISCUIT TIN 50'S CHRISTMAS,216,11/2/2011 12:03,2.89,12415,Australia
574044,BLACK RECORD COVER FRAME,240,11/2/2011 13:14,3.39,16210,United Kingdom
574049,VINTAGE DOILY TRAVEL SEWING KIT,200,11/2/2011 13:40,1.65,13316,United Kingdom
574056,JUMBO BAG RED RETROSPOT,200,11/2/2011 14:09,1.79,14646,Netherlands
574058,RABBIT NIGHT LIGHT,216,11/2/2011 14:10,2.08,14646,Netherlands
574092,6 RIBBONS RUSTIC CHARM,288,11/3/2011 9:28,1.65,16684,United Kingdom
574092,LUNCH BOX I LOVE LONDON,320,11/3/2011 9:28,1.65,16684,United Kingdom
574092,LOVE HOT WATER BOTTLE,264,11/3/2011 9:28,4.95,16684,United Kingdom
574092,JUMBO BAG RED RETROSPOT,300,11/3/2011 9:28,1.79,16684,United Kingdom
574285,RED HANGING HEART T-LIGHT HOLDER,416,11/3/2011 15:01,3.2,17450,United Kingdom
574285,WHITE HANGING HEART T-LIGHT HOLDER,224,11/3/2011 15:01,3.2,17450,United Kingdom
574293,WHITE HANGING HEART T-LIGHT HOLDER,992,11/3/2011 15:32,3.2,17450,United Kingdom
574293,HEART OF WICKER LARGE,252,11/3/2011 15:32,3.2,17450,United Kingdom
574293,HEART OF WICKER SMALL,630,11/3/2011 15:32,1.93,17450,United Kingdom
574294,PAPER CHAIN KIT 50'S CHRISTMAS,1020,11/3/2011 15:47,2.55,16333,United Kingdom
574295,OFFICE MUG WARMER BLACK+SILVER,198,11/3/2011 15:47,2.55,17389,United Kingdom
574295,RETROSPOT GIANT TUBE MATCHES,264,11/3/2011 15:47,2.1,17389,United Kingdom
574295,RECIPE BOX PANTRY YELLOW DESIGN,336,11/3/2011 15:47,2.55,17389,United Kingdom
574324,HOT WATER BOTTLE KEEP CALM,360,11/4/2011 7:46,4.15,16684,United Kingdom
574352,WOODEN PICTURE FRAME WHITE FINISH,216,11/4/2011 10:38,1.92,18102,United Kingdom
574352,CREAM HEART CARD HOLDER,216,11/4/2011 10:38,2.31,18102,United Kingdom
574363,BLACK HEART CARD HOLDER,180,11/4/2011 10:57,2.31,18102,United Kingdom
574469,RABBIT NIGHT LIGHT,336,11/4/2011 11:55,1.79,12431,Australia
574585,AREA PATROLLED METAL SIGN,216,11/6/2011 9:34,1.85,17133,United Kingdom
574829,KINGS CHOICE GIANT TUBE MATCHES,192,11/7/2011 11:16,2.1,17389,United Kingdom
575201,JUMBO BAG STRAWBERRY,200,11/9/2011 9:52,1.79,13629,United Kingdom
575201,JUMBO BAG RED RETROSPOT,200,11/9/2011 9:52,1.79,13629,United Kingdom
575213,BLACK RECORD COVER FRAME,480,11/9/2011 10:47,3.39,16210,United Kingdom
575214,BAKING SET SPACEBOY DESIGN,216,11/9/2011 10:48,4.25,16751,United Kingdom
575219,VINTAGE DOILY JUMBO BAG RED,200,11/9/2011 11:17,1.79,17511,United Kingdom
575255,JUMBO BAG OWLS,200,11/9/2011 11:55,1.79,15769,United Kingdom
575255,JUMBO BAG APPLES,200,11/9/2011 11:55,1.79,15769,United Kingdom
575328,GYMKHANA TREASURE BOOK BOX,300,11/9/2011 13:48,1.95,17857,United Kingdom
575328,TREASURE ISLAND BOOK BOX,300,11/9/2011 13:48,1.95,17857,United Kingdom
575328,ABC TREASURE BOOK BOX,300,11/9/2011 13:48,1.95,17857,United Kingdom
575328,BUFFALO BILL TREASURE BOOK BOX,300,11/9/2011 13:48,1.95,17857,United Kingdom
575335,JUMBO BAG ALPHABET,200,11/9/2011 13:56,1.79,12931,United Kingdom
575335,JUMBO BAG DOILEY PATTERNS,300,11/9/2011 13:56,1.79,12931,United Kingdom
575335,RABBIT NIGHT LIGHT,300,11/9/2011 13:56,1.79,12931,United Kingdom
575335,JUMBO BAG VINTAGE DOILY,300,11/9/2011 13:56,1.79,12931,United Kingdom
575335,JINGLE BELL HEART ANTIQUE SILVER,200,11/9/2011 13:56,1.79,12931,United Kingdom
575582,JUMBO BAG RED RETROSPOT,1000,11/10/2011 11:55,1.79,16986,United Kingdom
575683,RECIPE BOX PANTRY YELLOW DESIGN,192,11/10/2011 15:51,2.55,17389,United Kingdom
575703,HAND WARMER SCOTTY DOG DESIGN,192,11/10/2011 16:59,1.85,13767,United Kingdom
575703,HAND WARMER BIRD DESIGN,192,11/10/2011 16:59,1.85,13767,United Kingdom
575703,HAND WARMER OWL DESIGN,288,11/10/2011 16:59,1.85,13767,United Kingdom
575703,HAND WARMER RED LOVE HEART,192,11/10/2011 16:59,1.85,13767,United Kingdom
575725,BOX OF 6 MINI 50'S CRACKERS,240,11/10/2011 18:46,2.08,13098,United Kingdom
575896,SPACEBOY LUNCH BOX,192,11/11/2011 14:52,1.65,12480,Germany
576090,COOK WITH WINE METAL SIGN,192,11/14/2011 8:56,2.4,17450,United Kingdom
576090,GIN + TONIC DIET METAL SIGN,192,11/14/2011 8:56,2.67,17450,United Kingdom
576090,PLEASE ONE PERSON METAL SIGN,192,11/14/2011 8:56,2.4,17450,United Kingdom
576090,WHITE HANGING HEART T-LIGHT HOLDER,320,11/14/2011 8:56,3.2,17450,United Kingdom
576179,JUMBO BAG VINTAGE LEAF,200,11/14/2011 11:09,1.75,13694,United Kingdom
576179,JUMBO BAG APPLES,200,11/14/2011 11:09,1.75,13694,United Kingdom
576179,JUMBO BAG RED RETROSPOT,200,11/14/2011 11:09,1.75,13694,United Kingdom
576219,HAND WARMER RED RETROSPOT,192,11/14/2011 12:58,1.79,15838,United Kingdom
576219,JUMBO BAG RED RETROSPOT,400,11/14/2011 12:58,1.79,15838,United Kingdom
576374,"RECORD FRAME 7"" SINGLE SIZE",180,11/15/2011 8:50,2.1,13777,United Kingdom
576374,RED WOOLLY HOTTIE WHITE HEART.,408,11/15/2011 8:50,3.39,13777,United Kingdom
576374,JUMBO BAG RED RETROSPOT,270,11/15/2011 8:50,1.79,13777,United Kingdom
576374,WHITE HANGING HEART T-LIGHT HOLDER,300,11/15/2011 8:50,2.55,13777,United Kingdom
576374,6 CHOCOLATE LOVE HEART T-LIGHTS,192,11/15/2011 8:50,1.85,13777,United Kingdom
576394,RABBIT NIGHT LIGHT,960,11/15/2011 10:32,1.79,12415,Australia
576572,RABBIT NIGHT LIGHT,192,11/15/2011 13:49,1.79,15514,United Kingdom
576586,RABBIT NIGHT LIGHT,240,11/15/2011 14:22,1.79,12415,Australia
576775,JUMBO BAG RED RETROSPOT,200,11/16/2011 13:21,1.79,13629,United Kingdom
577021,WHITE SKULL HOT WATER BOTTLE,300,11/17/2011 12:39,3.75,12931,United Kingdom
577021,JINGLE BELL HEART ANTIQUE SILVER,456,11/17/2011 12:39,1.79,12931,United Kingdom
577720,COLOURED GLASS STAR T-LIGHT HOLDER,240,11/21/2011 12:21,3.29,16013,United Kingdom
577747,HOT BATHS METAL SIGN,240,11/21/2011 14:21,2.39,17450,United Kingdom
577747,GIN + TONIC DIET METAL SIGN,240,11/21/2011 14:21,2.67,17450,United Kingdom
577805,PAPER CHAIN KIT 50'S CHRISTMAS,200,11/22/2011 8:19,2.55,13881,United Kingdom
577805,PAPER CHAIN KIT VINTAGE CHRISTMAS,200,11/22/2011 8:19,2.55,13881,United Kingdom
577822,ROTATING SILVER ANGELS T-LIGHT HLDR,600,11/22/2011 9:34,1.74,14607,United Kingdom
577852,CHILLI LIGHTS,480,11/22/2011 11:08,4.65,16532,United Kingdom
578140,DOLLY GIRL LUNCH BOX,192,11/23/2011 10:58,1.65,14646,Netherlands
578140,SPACEBOY LUNCH BOX,256,11/23/2011 10:58,1.65,14646,Netherlands
578143,ROUND SNACK BOXES SET OF 4 FRUITS,192,11/23/2011 11:06,2.55,14646,Netherlands
578321,CHILDRENS CUTLERY POLKADOT PINK,360,11/23/2011 16:59,3.75,12557,Spain
578321,CHILDRENS CUTLERY POLKADOT BLUE,288,11/23/2011 16:59,3.75,12557,Spain
578793,BLACK RECORD COVER FRAME,480,11/25/2011 12:21,3.39,16210,United Kingdom
578951,RABBIT NIGHT LIGHT,192,11/27/2011 14:40,1.79,15514,United Kingdom
579189,COOK WITH WINE METAL SIGN,240,11/28/2011 15:34,1.85,16684,United Kingdom
579189,N0 SINGING METAL SIGN,288,11/28/2011 15:34,1.85,16684,United Kingdom
579249,PLEASE ONE PERSON METAL SIGN,288,11/28/2011 16:32,2.39,17450,United Kingdom
579249,N0 SINGING METAL SIGN,192,11/28/2011 16:32,2.39,17450,United Kingdom
579251,HEART OF WICKER LARGE,760,11/28/2011 16:39,3.2,17450,United Kingdom
579251,HEART OF WICKER SMALL,600,11/28/2011 16:39,1.93,17450,United Kingdom
579252,POTTERING IN THE SHED METAL SIGN,192,11/28/2011 16:47,2.4,17450,United Kingdom
579252,COOK WITH WINE METAL SIGN,240,11/28/2011 16:47,2.39,17450,United Kingdom
579498,RABBIT NIGHT LIGHT,2040,11/29/2011 15:52,1.79,12798,Japan
579986,CREAM SLICE FLANNEL PINK SPOT,240,12/1/2011 11:18,2.55,13777,United Kingdom
579986,RED WOOLLY HOTTIE WHITE HEART.,180,12/1/2011 11:18,3.39,13777,United Kingdom
580063,COOK WITH WINE METAL SIGN,288,12/1/2011 13:29,2.39,17450,United Kingdom
580297,JUMBO BAG RED RETROSPOT,400,12/2/2011 13:52,1.79,15769,United Kingdom
580297,JUMBO BAG PINK POLKADOT,300,12/2/2011 13:52,1.79,15769,United Kingdom
580297,JUMBO BAG ALPHABET,300,12/2/2011 13:52,1.79,15769,United Kingdom
580297,JUMBO BAG STRAWBERRY,200,12/2/2011 13:52,1.79,15769,United Kingdom
580297,JUMBO BAG SPACEBOY DESIGN,200,12/2/2011 13:52,1.79,15769,United Kingdom
580297,JUMBO BAG OWLS,200,12/2/2011 13:52,1.79,15769,United Kingdom
580363,VINTAGE DOILY JUMBO BAG RED,1500,12/2/2011 16:32,1.79,13868,United Kingdom
580645,TREASURE ISLAND BOOK BOX,490,12/5/2011 13:11,1.95,17857,United Kingdom
580645,BUFFALO BILL TREASURE BOOK BOX,388,12/5/2011 13:11,1.95,17857,United Kingdom
580665,COOK WITH WINE METAL SIGN,240,12/5/2011 14:06,1.85,16684,United Kingdom
580665,JUMBO BAG VINTAGE DOILY,200,12/5/2011 14:06,1.79,16684,United Kingdom
580665,JUMBO BAG VINTAGE LEAF,200,12/5/2011 14:06,1.79,16684,United Kingdom
580680,VICTORIAN GLASS HANGING T-LIGHT,192,12/5/2011 14:51,1.65,13001,United Kingdom
580742,JUMBO BAG VINTAGE CHRISTMAS,200,12/6/2011 9:30,1.75,13694,United Kingdom
580742,JUMBO BAG 50'S CHRISTMAS,200,12/6/2011 9:30,1.75,13694,United Kingdom
580873,BOX OF 6 CHRISTMAS CAKE DECORATIONS,240,12/6/2011 12:06,3.75,15061,United Kingdom
580985,RETROSPOT GIANT TUBE MATCHES,186,12/6/2011 16:33,2.1,17389,United Kingdom
580985,RECIPE BOX PANTRY YELLOW DESIGN,240,12/6/2011 16:33,2.55,17389,United Kingdom
581097,EMPIRE UNION JACK TV DINNER TRAY,600,12/7/2011 11:41,1.95,13685,United Kingdom
581105,HAND OVER THE CHOCOLATE   SIGN,620,12/7/2011 12:14,1.92,16000,United Kingdom
581105,NATURAL SLATE HEART CHALKBOARD,620,12/7/2011 12:14,2.55,16000,United Kingdom
581105,ALARM CLOCK BAKELIKE RED,620,12/7/2011 12:14,2.99,16000,United Kingdom
581105,BICYCLE PUNCTURE REPAIR KIT,620,12/7/2011 12:14,1.86,16000,United Kingdom
581107,SWEETHEART BIRD HOUSE,620,12/7/2011 12:15,3.3,16000,United Kingdom
581115,METAL SIGN TAKE IT OR LEAVE IT,1404,12/7/2011 12:20,2.75,15195,United Kingdom
581175,RABBIT NIGHT LIGHT,1440,12/7/2011 15:16,1.79,14646,Netherlands
581375,BLACK RECORD COVER FRAME,960,12/8/2011 12:36,3.39,16210,United Kingdom
581457,BLACK HEART CARD HOLDER,324,12/8/2011 18:43,2.31,18102,United Kingdom
581457,CREAM HEART CARD HOLDER,324,12/8/2011 18:43,3.39,18102,United Kingdom
581457,WALL ART KEEP CALM,698,12/8/2011 18:43,4.15,18102,United Kingdom
581457,WOOD BLACK BOARD ANT WHITE FINISH,204,12/8/2011 18:43,4.8,18102,United Kingdom
581483,"PAPER CRAFT , LITTLE BIRDIE",80995,12/9/2011 9:15,2.08,16446,United Kingdom
